type,designator,name,lower,upper,timesheet,activity_note,restriction,hazard,remarks
P,31,PERLIAMENT AND PRESEDENTIAL HO,GND SFC,240 STD,,,,,
P,33,MINISTRY OF DEFENCE,GND SFC,240 STD,,,,,
P,5,YANGON CITY,GND SFC,240 STD,,,,,
R,11,HMAWBY,GND SFC,3000 MSL,,,,,
R,12,HMAWBY,GND SFC,100 STD,,,,,
R,13,SHANTE,GND SFC,8000 MSL,,,,,
R,13,SHANTE,GND SFC,3000 MSL,,,,,
R,13,SHANTE,GND SFC,3000 MSL,,,,,
R,13,SHANTE,GND SFC,5000 MSL,,,,,
R,13,SHANTE,GND SFC,8000 MSL,,,,,
R,13,SHANTE,GND SFC,8000 MSL,,,,,
R,13,SHANTE,GND SFC,8000 MSL,,,,,
R,13,SHANTE,GND SFC,8000 MSL,,,,,
R,14,SHANTE,GND SFC,3000 MSL,,,,,
R,15,SHANTE,100 STD,150 STD,,,,,
R,15,SHANTE,100 STD,150 STD,,,,,
R,15,SHANTE,100 STD,140 STD,,,,,
R,15,SHANTE,100 STD,150 STD,,,,,
R,15,SHANTE,100 STD,130 STD,,,,,
R,16,SHANTE,330 STD,UNL STD,,,,,
R,17,NAMPONG,GND SFC,100 STD,,,,,
R,17,NAMPONG,GND SFC,100 STD,,,,,
R,17,NAMPONG,GND SFC,100 STD,,,,,
R,17,NAMPONG,GND SFC,100 STD,,,,,
R,17,NAMPONG,GND SFC,100 STD,,,,,
R,17,NAMPONG,GND SFC,100 STD,,,,,
R,17,NAMPONG,GND SFC,100 STD,,,,,
R,18,TAUNGOO,GND SFC,7000 MSL,,,,,
R,18,TAUNGOO,GND SFC,7000 MSL,,,,,
R,18,TAUNGOO,GND SFC,7000 MSL,,,,,
R,18,TAUNGOO,GND SFC,7000 MSL,,,,,
R,18,TAUNGOO,GND SFC,7000 MSL,,,,,
R,18,TAUNGOO,GND SFC,7000 MSL,,,,,
R,18,TAUNGOO,GND SFC,7000 MSL,,,,,
R,18,TAUNGOO,GND SFC,7000 MSL,,,,,
R,19A,TAUNGOO,90 STD,150 STD,,,,,
R,19B,TAUNGOO,90 STD,150 STD,,,,,
R,19C,TAUNGOO,90 STD,150 STD,,,,,
R,19D,TAUNGOO,90 STD,150 STD,,,,,
R,20,MYEIK,GND SFC,90 STD,,,,,
R,20,MYEIK,80 STD,130 STD,,,,,
R,20,MYEIK,GND SFC,90 STD,,,,,
R,20,MYEIK,80 STD,130 STD,,,,,
R,20,MYEIK,GND SFC,90 STD,,,,,
R,20,MYEIK,GND SFC,90 STD,,,,,
R,20,MYEIK,GND SFC,90 STD,,,,,
R,20,MYEIK,GND SFC,90 STD,,,,,
R,26,MAUBIN,6000 MSL,160 STD,,,,,
R,29,PATHEIN EAST SECTORS,6000 MSL,130 STD,,,,,
R,29,PATHEIN EAST SECTORS,6000 MSL,130 STD,,,,,
R,29,PATHEIN EAST SECTORS,GND SFC,90 STD,,,,,
R,29,PATHEIN EAST SECTORS,GND SFC,130 STD,,,,,
R,30,PATHEIN TRAINING AREA,6000 MSL,140 STD,,,,,
R,30,PATHEIN TRAINING AREA,6000 MSL,220 STD,,,,,
R,30,PATHEIN TRAINING AREA,GND SFC,80 STD,,,,,
R,30,PATHEIN TRAINING AREA,6000 MSL,220 STD,,,,,
R,37A,NAYPYITAW,GND SFC,120 STD,,,,,
R,37B,NAYPYITAW,GND SFC,120 STD,,,,,
R,37C,NAYPYITAW,GND SFC,120 STD,,,,,
R,37D,NAYPYITAW,GND SFC,140 STD,,,,,
R,39A,NYAUNGDON EAST,6000 MSL,130 STD,,,,,
R,39B,NYAUNGDON WEST,6000 MSL,150 STD,,,,,
R,40A,DANUBYU EAST,7000 MSL,100 STD,,,,,
R,40B,DANUBYU WEST,8000 MSL,100 STD,,,,,
R,41,HWAMBY,90 STD,360 STD,,,,,
R,42,MAGWAY,GND SFC,100 STD,,,,,
R,42,MAGWAY,GND SFC,100 STD,,,,,
R,42,MAGWAY,GND SFC,100 STD,,,,,
R,42,MAGWAY,GND SFC,100 STD,,,,,
R,42,MAGWAY,GND SFC,100 STD,,,,,
R,42,MAGWAY,GND SFC,100 STD,,,,,
R,42,MAGWAY,GND SFC,100 STD,,,,,
R,42,MAGWAY,GND SFC,100 STD,,,,,
R,43,MAGWAY,GND SFC,100 STD,,,,,
R,44,MAGWAY,3300 SFC,230 STD,,,,,
R,45A,MAGWAY,3300 SFC,330 STD,,,,,
R,45B,MAGWAY,3300 SFC,230 STD,,,,,
R,46A,NAYPYITAW,GND SFC,150 STD,,,,,
R,46B,NAYPYITAW,220 STD,660 STD,,,,,
R,47,NAMSANG,GND SFC,115 STD,,,,,
R,47,NAMSANG,GND SFC,115 STD,,,,,
R,47,NAMSANG,GND SFC,115 STD,,,,,
R,47,NAMSANG,GND SFC,115 STD,,,,,
R,47,NAMSANG,GND SFC,115 STD,,,,,
R,47,NAMSANG,GND SFC,115 STD,,,,,
R,47,NAMSANG,GND SFC,115 STD,,,,,
R,47,NAMSANG,GND SFC,115 STD,,,,,
R,48,NAMSANG,2000 SFC,150 STD,,,,,
R,49,NAMSANG,2000 SFC,150 STD,,,,,
R,50A,MANDALAY,3300 MSL,150 STD,,,,,
R,50B,MANDALAY,3300 MSL,150 STD,,,,,
R,51A,NAMPONG,3300 SFC,140 STD,,,,,
R,51B,NAMPONG,3300 SFC,140 STD,,,,,
R,51C,NAMPONG,3300 SFC,230 STD,,,,,
R,51D,NAMPONG,3300 SFC,230 STD,,,,,
R,52,TAUNGOO,90 STD,330 STD,,,,,
R,53,PATHEIN,150 STD,360 STD,,,,,
R,54,HOMMALINN,GND SFC,100 STD,,,,,
R,54,HOMMALINN,GND SFC,100 STD,,,,,
R,54,HOMMALINN,GND SFC,100 STD,,,,,
R,54,HOMMALINN,GND SFC,100 STD,,,,,
R,54,HOMMALINN,GND SFC,100 STD,,,,,
D,1,NAVAL BASE,1500 MSL,300 STD,,,,,
D,10,DELTA REGION,GND SFC,240 STD,,,,,
D,21,TAUNGNYO,GND SFC,150 STD,,,,,
D,23A,COMBAT TRAINING AREA,8000 MSL,240 STD,,,,,
D,23B,COMBAT TRAINING AREA,6000 MSL,240 STD,,,,,
D,24,KUNGYANGONE AREA,8000 MSL,240 STD,,,,,
D,25,PYAPON AREA,8000 MSL,240 STD,,,,,
D,9,SHWEPYI,GND SFC,UNL STD,,,,,
