fid,area_code,icao_code,airport_identifier,airport_identifier_3letter,airport_name,airport_ref_latitude,airport_ref_longitude,ifr_capability,longest_runway_surface_code,elevation,transition_altitude,transition_level,speed_limit,speed_limit_altitude,iata_ata_designator,id,AP,Main
1,PAC,VY,VYAN,,ANN,19.76926944,94.02622500,,,53,,,,,,VYVYAN,ANN,N
2,PAC,VY,VYAS,,ANISAKAN,21.95596667,96.40634722,,,3130,,,,,,VYVYAS,ANISAKAN,N
3,PAC,VY,VYBG,,NYAUNG U,21.17896667,94.93035278,,,359,,,,,,VYVYBG,NYAUNG U,N
4,PAC,VY,VYBM,,BANMAW,24.27083056,97.24727778,,,378,,,,,,VYVYBM,BANMAW,N
5,PAC,VY,VYBP,,BOKPYINN,11.14932222,98.73621389,,,86,,,,,,VYVYBP,BOKPYINN,N
6,PAC,VY,VYCI,,COCO I,14.14130000,93.36830000,,,20,,,,,,VYVYCI,COCO I,N
7,PAC,VY,VYCZ,,CHANMYATHAZI,21.94021667,96.08950556,,,243,,,,,,VYVYCZ,CHANMYATHAZI,N
8,PAC,VY,VYDW,,DAWEI,14.09737500,98.20671667,,,84,,,,,,VYVYDW,DAWEI,N
9,PAC,VY,VYFS,,SURBUNG,22.93911389,93.61533056,,,6012,,,,,,VYVYFS,SURBUNG,N
10,PAC,VY,VYGW,,GWA,17.60000000,94.58333333,,,11,,,,,,VYVYGW,GWA,N
11,PAC,VY,VYHB,,HMAWBY,17.11666667,96.06666667,,,69,,,,,,VYVYHB,HMAWBY,N
12,PAC,VY,VYHH,,HEHO,20.74704444,96.79202222,,,3935,,,,,,VYVYHH,HEHO,N
13,PAC,VY,VYHL,,HOMMALINN,24.89885556,94.91424722,,,546,,,,,,VYVYHL,HOMMALINN,N
14,PAC,VY,VYKG,,KENGTUNG,21.30165000,99.63576389,,,2705,,,,,,VYVYKG,KENGTUNG,N
15,PAC,VY,VYKI,,KANTI,25.98874722,95.67468889,,,672,,,,,,VYVYKI,KANTI,N
16,PAC,VY,VYKL,,KALAY,23.18877778,94.05112222,,,439,,,,,,VYVYKL,KALAY,N
17,PAC,VY,VYKP,,KYAUKPYU,19.42654722,93.53468333,,,13,,,,,,VYVYKP,KYAUKPYU,N
18,PAC,VY,VYKT,,KAWTHOUNG,10.04959444,98.53812500,,,41,,,,,,VYVYKT,KAWTHOUNG,N
19,PAC,VY,VYKU,,KYAUKTU,21.40000000,94.13333333,,,1249,,,,,,VYVYKU,KYAUKTU,N
20,PAC,VY,VYLK,,LOIKAW,19.69175556,97.21488333,,,2932,,,,,,VYVYLK,LOIKAW,N
21,PAC,VY,VYLS,,LASHIO,22.97763611,97.75241111,,,2516,,,,,,VYVYLS,LASHIO,N
22,PAC,VY,VYLY,,LANYWA,20.98333333,94.81666667,,,175,,,,,,VYVYLY,LANYWA,N
23,PAC,VY,VYMD,,MANDALAY INTL,21.70107222,95.97745556,,,301,,,,,,VYVYMD,MANDALAY INTL,Y
24,PAC,VY,VYME,,MYEIK,12.44009444,98.62110833,,,62,,,,,,VYVYME,MYEIK,N
25,PAC,VY,VYMK,,MYITKYINA,25.38278889,97.35266667,,,484,,,,,,VYVYMK,MYITKYINA,N
26,PAC,VY,VYML,,MEIKTILA,20.88333333,95.88333333,,,699,,,,,,VYVYML,MEIKTILA,N
27,PAC,VY,VYMM,,MAWLAMYINE,16.44485278,97.66083611,,,78,,,,,,VYVYMM,MAWLAMYINE,N
28,PAC,VY,VYMN,,MANAUNG,18.84433611,93.68427500,,,45,,,,,,VYVYMN,MANAUNG,N
29,PAC,VY,VYMO,,MOMEIK,23.09194444,96.65305556,,,600,,,,,,VYVYMO,MOMEIK,N
30,PAC,VY,VYMS,,MONG-HSAT,20.51809167,99.25838889,,,1898,,,,,,VYVYMS,MONG-HSAT,N
31,PAC,VY,VYMT,,MONG TONG,20.28333333,98.91666667,,,1840,,,,,,VYVYMT,MONG TONG,N
32,PAC,VY,VYMW,,MAGWAY,20.15358333,94.96858611,,,298,,,,,,VYVYMW,MAGWAY,N
33,PAC,VY,VYMY,,MONYWAR,22.22438056,95.09344722,,,263,,,,,,VYVYMY,MONYWAR,N
34,PAC,VY,VYNP,,WEST NAMPONG,25.35000000,97.28333333,,,469,,,,,,VYVYNP,WEST NAMPONG,N
35,PAC,VY,VYNT,,NAYPYITAW INTL,19.62355000,96.20100000,,,295,,,,,,VYVYNT,NAYPYITAW INTL,Y
36,PAC,VY,VYPA,,HPA-AN,16.89396944,97.67503611,,,41,,,,,,VYVYPA,HPA-AN,N
37,PAC,VY,VYPN,,PATHEIN,16.81210278,94.77386111,,,13,,,,,,VYVYPN,PATHEIN,N
38,PAC,VY,VYPP,,HPAPUN,18.06666667,97.45000000,,,300,,,,,,VYVYPP,HPAPUN,N
39,PAC,VY,VYPT,,PUTAO,27.33002500,97.42615556,,,1525,,,,,,VYVYPT,PUTAO,N
40,PAC,VY,VYPU,,PAKHOKKU,21.40541111,95.11127778,,,350,,,,,,VYVYPU,PAKHOKKU,N
41,PAC,VY,VYPY,,PYAY,18.82388889,95.26972222,,,120,,,,,,VYVYPY,PYAY,N
42,PAC,VY,VYST,,SHANTE,20.96666667,95.91666667,,,630,,,,,,VYVYST,SHANTE,N
43,PAC,VY,VYSW,,SITTWE,20.13277222,92.87264722,,,39,,,,,,VYVYSW,SITTWE,N
44,PAC,VY,VYTD,,THANDWE,18.46065278,94.29970556,,,47,,,,,,VYVYTD,THANDWE,N
45,PAC,VY,VYTL,,TACHILEIK,20.48481111,99.93480556,,,1275,,,,,,VYVYTL,TACHILEIK,N
46,PAC,VY,VYTO,,TAUNGOO,19.03128056,96.40121389,,,160,,,,,,VYVYTO,TAUNGOO,N
47,PAC,VY,VYYE,,YE,15.30000000,97.86666667,,,30,,,,,,VYVYYE,YE,N
48,PAC,VY,VYYY,,YANGON INTL,16.90726667,96.13323889,,,110,,,,,,VYVYYY,YANGON INTL,Y
