fid,area_code,icao_code,airport_identifier,runway_identifier,runway_latitude,runway_longitude,runway_gradient,runway_magnetic_bearing,runway_true_bearing,landing_threshold_elevation,displaced_threshold_distance,threshold_crossing_height,runway_length,runway_width,llz_identifier,llz_mls_gls_category,surface_code,id
1,PAC,VY,VYMY,RW18,22.23607222,95.09403333,,181,183,260,,,8501,98,,,,
2,PAC,VY,VYMY,RW36,22.21268889,95.09286389,,1,3,263,,,8501,98,,,,
3,PAC,VY,VYMS,RW12,20.52185000,99.25226944,,123,123,1898,,,5000,98,,,,
4,PAC,VY,VYMS,RW30,20.51434167,99.26450556,,303,303,1885,,,5000,98,,,,
5,PAC,VY,VYNP,RW18,25.36947778,97.29498333,,180,179,469,,,8586,151,,,,
6,PAC,VY,VYNP,RW36,25.33926111,97.29528889,,360,359,469,,,8586,151,,,,
7,PAC,VY,VYTD,RW02,18.45389167,94.29709722,,21,20,11,,,8002,98,,,,
8,PAC,VY,VYTD,RW20,18.47456389,94.30508611,,201,200,47,,,8002,98,,,,
9,PAC,VY,VYHL,RW16,24.91441944,94.90824167,,161,161,546,,,11998,200,,,,
10,PAC,VY,VYHL,RW34,24.88329167,94.92025278,,341,341,533,,,11998,200,,,,
11,PAC,VY,VYBG,RW18,21.19068056,94.93045278,,181,180,316,,,8501,98,,,,
12,PAC,VY,VYBG,RW36,21.16725278,94.93025278,,1,0,359,,,8501,98,,,,
13,PAC,VY,VYFS,RW18,22.94735278,93.61475000,,177,176,6012,,,6001,98,,,,
14,PAC,VY,VYFS,RW36,22.93087778,93.61591111,,357,356,5964,,,6001,98,,,,
15,PAC,VY,VYMT,RW17,20.28333333,98.91666667,,170,360,1840,,,1450,89,,,,
16,PAC,VY,VYMT,RW35,20.28333333,98.91666667,,350,360,1840,,,1450,89,,,,
17,PAC,VY,VYSW,RW11,20.13578889,92.85990278,,105,104,32,,,7500,151,,,,
18,PAC,VY,VYSW,RW29,20.13075000,92.88120833,,285,284,39,,,7500,151,,,,
19,PAC,VY,VYYE,RW01,15.29468889,97.86343333,,10,6,30,,,4501,102,,,,
20,PAC,VY,VYYE,RW19,15.30823611,97.86486944,,190,186,30,,,4501,102,,,,
21,PAC,VY,VYHH,RW18,20.75872222,96.79207222,,181,180,3935,,,8501,151,,,,
22,PAC,VY,VYHH,RW36,20.73536944,96.79196944,,1,0,3844,,,8501,151,,,,
23,PAC,VY,VYGW,RW03,17.60000000,94.58333333,,30,360,11,,,3550,102,,,,
24,PAC,VY,VYGW,RW21,17.60000000,94.58333333,,210,360,11,,,3550,102,,,,
25,PAC,VY,VYAN,RW18,19.77858611,94.02655000,,181,182,52,,,8501,98,,,,
26,PAC,VY,VYAN,RW36,19.75765833,94.02584722,,1,2,52,,,8501,98,,,,
27,PAC,VY,VYKL,RW10,23.19023889,94.03854167,,98,97,439,,,6998,98,,,,
28,PAC,VY,VYKL,RW28,23.18787500,94.05923889,,278,277,404,,,6998,98,,,,
29,PAC,VY,VYKG,RW12,21.30734722,99.62567222,,122,121,2705,,,7999,151,,,,
30,PAC,VY,VYKG,RW30,21.29601111,99.64591389,,302,301,2705,,,7999,151,,,,
31,PAC,VY,VYPT,RW17,27.33957500,97.42491667,,174,173,1439,,,8501,98,,,,
32,PAC,VY,VYPT,RW35,27.31635556,97.42794444,,354,353,1525,,,8501,98,,,,
33,PAC,VY,VYKT,RW02,10.04150833,98.53548333,,18,18,34,,,6001,151,,,,
34,PAC,VY,VYKT,RW20,10.05717778,98.54059444,,198,198,41,,,6001,151,,,,
35,PAC,VY,VYCZ,RW01,21.93168056,96.08819444,,9,8,244,,,6499,98,,,,
36,PAC,VY,VYCZ,RW19,21.94946944,96.09092222,,189,188,244,,,6499,98,,,,
37,PAC,VY,VYKI,RW03,25.98210278,95.66975000,,35,34,669,,,6001,98,,,,
38,PAC,VY,VYKI,RW21,25.99489444,95.67928889,,215,214,672,,,6001,98,,,,
39,PAC,VY,VYBP,RW17,11.16267222,98.73280556,,167,166,44,,,10000,98,,,,
40,PAC,VY,VYBP,RW35,11.13595556,98.73962500,,347,346,86,,,10000,98,,,,
41,PAC,VY,VYDW,RW16,14.10908611,98.20155833,,157,157,73,,,11998,98,,,,
42,PAC,VY,VYDW,RW34,14.08218611,98.21340556,,337,337,84,,,11998,98,,,,
43,PAC,VY,VYMN,RW16,18.85027222,93.68163889,,158,157,40,,,4501,98,,,,
44,PAC,VY,VYMN,RW34,18.83886389,93.68670833,,338,337,45,,,4501,98,,,,
45,PAC,VY,VYAS,RW03,21.94347500,96.40016389,,26,25,3110,,,10000,200,,,,
46,PAC,VY,VYAS,RW21,21.96846111,96.41253889,,206,205,3130,,,10000,200,,,,
47,PAC,VY,VYPP,RW18,18.06666667,97.45000000,,180,360,300,,,4003,75,,,,
48,PAC,VY,VYPP,RW36,18.06666667,97.45000000,,360,360,300,,,4003,75,,,,
49,PAC,VY,VYPN,RW06,16.80645833,94.76192500,,64,64,13,,,9301,200,,,,
50,PAC,VY,VYPN,RW24,16.81738333,94.78503056,,244,244,13,,,9301,200,,,,
51,PAC,VY,VYBM,RW15,24.27959722,97.24134444,,149,148,375,,,7500,98,,,,
52,PAC,VY,VYBM,RW33,24.26206389,97.25321111,,329,328,378,,,7500,98,,,,
53,PAC,VY,VYKU,RW04,21.37931944,94.11584444,,40,40,1249,,,10000,98,,,,
54,PAC,VY,VYKU,RW22,21.40042778,94.13455278,,220,220,1249,,,10000,98,,,,
55,PAC,VY,VYNT,RW16,19.63878611,96.19425556,,158,157,295,,,11998,200,,,,
56,PAC,VY,VYNT,RW34,19.60832222,96.20773333,,338,337,295,,,11998,200,,,,
57,PAC,VY,VYLK,RW01,19.68462778,97.21434444,,5,4,2931,,,6998,75,,,,
58,PAC,VY,VYLK,RW19,19.70390000,97.21580000,,185,184,2932,,,6998,75,,,,
59,PAC,VY,VYST,RW01,20.92859444,95.91308611,,10,7,630,,,8501,151,,,,
60,PAC,VY,VYST,RW19,20.96128333,95.91720556,,190,187,630,,,8501,151,,,,
61,PAC,VY,VYLY,RW18,20.98333333,94.81666667,,180,360,175,,,4003,102,,,,
62,PAC,VY,VYLY,RW36,20.98333333,94.81666667,,360,360,175,,,4003,102,,,,
63,PAC,VY,VYHB,RW09,17.12165000,96.06170556,,90,93,69,,,5056,151,,,,
64,PAC,VY,VYHB,RW27,17.12081111,96.07635556,,270,273,69,,,5056,151,,,,
65,PAC,VY,VYCI,RW01,14.13333333,93.38333333,,10,360,20,,,3999,102,,,,
66,PAC,VY,VYCI,RW19,14.13333333,93.38333333,,190,360,20,,,3999,102,,,,
67,PAC,VY,VYMD,RW17,21.72005833,95.97401111,,171,171,286,,,13999,200,,,,
68,PAC,VY,VYMD,RW35,21.68203333,95.98074444,,351,351,301,,,13999,200,,,,
69,PAC,VY,VYYY,RW03,16.89793889,96.12688889,,34,33,110,,,11201,197,,,,
70,PAC,VY,VYYY,RW21,16.92373611,96.14445556,,214,213,43,,,11201,197,,,,
71,PAC,VY,VYMM,RW04,16.43891944,97.65644722,,36,35,78,,,5299,151,,,,
72,PAC,VY,VYMM,RW22,16.45078333,97.66522778,,216,215,42,,,5299,151,,,,
73,PAC,VY,VYPY,RW07,18.82214444,95.26001111,,70,65,120,,,4501,151,,,,
74,PAC,VY,VYPY,RW25,18.82734167,95.27163611,,250,245,120,,,4501,151,,,,
75,PAC,VY,VYMO,RW12,23.09514167,96.63922222,,120,116,600,,,4498,102,,,,
76,PAC,VY,VYMO,RW30,23.08976667,96.65109167,,300,296,600,,,4498,102,,,,
77,PAC,VY,VYLS,RW01,22.97052778,97.75179722,,5,5,2516,,,6499,98,,,,
78,PAC,VY,VYLS,RW19,22.98835833,97.75333611,,185,185,2494,,,6499,98,,,,
79,PAC,VY,VYMW,RW01,20.14202778,94.96663333,,8,9,277,,,8501,200,,,,
80,PAC,VY,VYMW,RW19,20.16514167,94.97053611,,188,189,298,,,8501,200,,,,
81,PAC,VY,VYME,RW18,12.45235000,98.62169444,,183,183,62,,,8999,200,,,,
82,PAC,VY,VYME,RW36,12.42777778,98.62051667,,3,3,32,,,8999,200,,,,
83,PAC,VY,VYML,RW16,20.89527778,95.88885556,,160,158,699,,,5400,151,,,,
84,PAC,VY,VYML,RW34,20.88045000,95.89529444,,340,338,699,,,5400,151,,,,
85,PAC,VY,VYTL,RW04,20.47717500,99.92856667,,38,37,1275,,,7051,151,,,,
86,PAC,VY,VYTL,RW22,20.49244722,99.94104444,,218,217,1274,,,7051,151,,,,
87,PAC,VY,VYKP,RW18,19.43289722,93.53467778,,180,180,9,,,7500,98,,,,
88,PAC,VY,VYKP,RW36,19.41230556,93.53469444,,360,360,9,,,7500,98,,,,
89,PAC,VY,VYTO,RW18,19.04780000,96.40127500,,181,180,160,,,12001,197,,,,
90,PAC,VY,VYTO,RW36,19.01475278,96.40118333,,1,0,160,,,12001,197,,,,
91,PAC,VY,VYMK,RW04,25.37602500,97.34728333,,37,36,472,,,6998,151,,,,
92,PAC,VY,VYMK,RW22,25.39161667,97.35973611,,217,216,484,,,6998,151,,,,
93,PAC,VY,VYPU,RW18,21.41710000,95.11180833,,181,182,350,,,8501,98,,,,
94,PAC,VY,VYPU,RW36,21.39371944,95.11075000,,1,2,316,,,8501,98,,,,
95,PAC,VY,VYPA,RW03,16.88858611,97.67165000,,32,31,42,,,4498,98,,,,
96,PAC,VY,VYPA,RW21,16.89918889,97.67831667,,212,211,41,,,4498,98,,,,
